Год,Месяц,"Доходы, всего",Нефтегазовые доходы,Ненефтегазовые доходы,"Ненефтегазовые доходы, связанные с внутренним производством",Ненефтегазовые доходы - НДС (внутренний),Ненефтегазовые доходы - Акцизы,Ненефтегазовые доходы - Налог на прибыль,Ненефтегазовые доходы - Налог на доходы физических лиц,"Доходы, связанные с импортом","Доходы, связанные с импортом - НДС на ввозимые товары","Доходы, связанные с импортом - Акцизы на ввозимые товары","Доходы, связанные с импортом - Ввозные пошлины",Прочие доходы,"Расходы, всего",Расходы на общегосударственные вопросы,Расходы на национальную оборону,Расходы на национальную безопасность и правоохранительную деятельность,Расходы на национальную экономику,Расходы на жилищно-коммунальное хозяйство,Расходы на охрану окружающей среды,Расходы на образование,"Расходы на культуру, кинематографию",Расходы на здравоохранение,Расходы на социальную политику,Расходы на физическую культуру и спорт,Расходы на средства массовой информации,Расходы на обслуживание государственного и муниципального долга,Расходы на межбюджетные трансферты общего характера бюджетам бюджетной системы Российской Федерации,Дефицит (-)/Профицит (+),Ненефтегазовый дефицит,Источники финансирования дефицита федерального бюджета - всего,Источники внутреннего финансирования дефицита,Источники внутреннего финансирования дефицита (без учета изменения остатков на счетах),Сальдо внутреннего долга:,Привлечение,Погашение государственного внутреннего долга,Бюджетные кредиты:,Предоставление кредитов,Возврат кредитов,"Поступления от продажи акций и земельных участков, находящихся в государственной собственности",Курсовая разница,Изменение остатков на счетах ,Прочие источники внутреннего финансирования дефицита,Источники внешнего  финансирования дефицита,Привлечение кредитов и размещение ценных бумаг,Погашение внешнего долга,Другие источники внешнего финансирования,Код разреза,Код признака
2011,январь,804.9,355.6,449.3,212,182.5,21.3,8.2,,100.8,67.4,1.7,31.7,136.4,657.4,24.4,23.2,72.7,39.4,15.9,0.2,10.1,1.5,11.1,370.7,12,9.1,25.5,41.4,147.5,-208.1,-147.5,-148,253.6,-3.9,37.2,-41.1,0.3,0,0.3,7.8,-26.3,-401.6,275.7,0.5,0.1,-2.2,2.7,OKEI,386
2011,февраль,1505.6,692.3,813.3,329,282.2,31.1,15.7,,250.9,166.1,4.6,80.2,233.4,1427.1,59.3,186.9,155.1,119.2,22.4,1.6,44.2,6.4,72.9,597.6,12.7,11,49.9,87.9,78.5,-613.9,-78.5,-78,419.7,144.1,200.4,-56.3,-16.7,-17,0.3,103.7,-83.8,-497.7,272.3,-0.4,0.3,-3.6,2.9,OKEI,386
2011,март,2392.8,1134.1,1258.6,545,431.1,46.7,67.1,,443.2,293.2,8.7,141.3,270.5,2214.7,123.8,263.8,248.2,248.5,60.2,3,84.2,11.5,103.9,822,13.6,13.5,82.9,135.7,178,-956.1,-178,-157.2,496.3,284.5,340.8,-56.3,-38.4,-38.9,0.5,106.9,-114.3,-653.5,257.7,-20.9,0.3,-26.9,5.7,OKEI,386
2011,апрель,3339.7,1580.6,1759.1,775.1,604.1,65.1,105.9,,625.3,414.3,12.6,198.4,358.7,3176.6,178.2,437.5,333.8,428.7,75.7,4.2,126.6,19.8,130.4,1069.5,14.9,19.3,91.8,246.2,163.1,-1417.5,-163.1,-140.4,539.9,355.6,411.9,-56.3,-58.7,-60.7,2,113.3,-130.3,-680.3,260.1,-22.7,0.5,-28.8,5.6,OKEI,386
2011,май,4200,2067,2133,925.9,706.9,84.8,134.2,,808.8,540.3,16.6,251.8,398.3,3814.8,223.7,537.3,414.7,514.6,91.9,5.3,162.5,23.7,154.5,1260.4,16.4,26.2,98.8,284.8,385.3,-1681.8,-385.3,-331.9,659.6,473.2,573.6,-100.4,-67.6,-71.7,4.2,113.7,-126.6,-991.5,266.8,-53.4,0.9,-59.9,5.6,OKEI,386
2011,июнь,5306.4,2540.4,2766,1155.8,889,105.7,161.1,,986.3,661.5,19.9,304.9,623.8,4602.9,307.9,625.8,513.6,603.9,107.6,6.5,215,30.1,188.3,1513.1,21.9,30.8,108.4,330,703.5,-1836.9,-703.5,-648.8,809.7,660.2,830.5,-170.4,-74.2,-78.6,4.4,114.1,-123.1,-1458.5,232.6,-54.7,1.2,-65.1,9.2,OKEI,386
2011,июль,6233.8,3019.8,3214,1361.5,1042.9,127.8,190.8,,1164.8,782.1,23.3,359.4,687.7,5477.6,367.3,758.7,602.6,748.1,120,7.8,279.8,37.2,223.3,1791.7,24.9,35.7,134.9,345.6,756.3,-2263.6,-756.3,-705.8,896.1,766.2,976.4,-210.2,-74,-81.1,7.1,114.7,-169.5,-1601.8,258.6,-50.5,1.4,-66.5,14.6,OKEI,386
2011,август,7220.2,3509,3711.2,1538.1,1150.1,148,239.9,,1368.9,923.1,27.3,418.4,804.3,6431.5,414.4,855.2,688.5,851.7,137.7,9.1,311.4,41.7,263.2,2218,27.4,38,164.2,411,788.7,-2720.3,-788.7,-737.5,1046,775.8,1001.2,-225.4,-90.2,-97.9,7.6,115.1,-23.3,-1783.5,268.7,-51.1,1.8,-67.3,14.4,OKEI,386
2011,сентябрь,8213,3989.9,4223.1,1772.4,1340.8,170.7,260.8,,1568.4,1056.7,31.2,480.5,882.3,7082.1,488.1,908.4,787.6,969.2,157.9,10.3,346.5,47.9,298.9,2298.7,31.5,40.3,215.2,481.6,1130.9,-2859,-1130.9,-1054.2,1265.1,779.9,1050.2,-270.4,-94.3,-103.1,8.8,115.5,186.8,-2319.3,277.2,-76.7,2,-93.3,14.6,OKEI,386
2011,октябрь,9240.8,4535.3,4705.5,1964.9,1485.1,191.9,287.9,,1778.6,1195.9,36,546.7,961.9,7818,543.4,1028,878.3,1093.8,170,11.8,388.1,54.6,329.8,2516.7,33.2,50.4,226,494.1,1422.8,-3112.5,-1422.8,-1343.8,1439.1,1084.6,1355,-270.4,-88.9,-109.7,20.8,118.5,41.4,-2782.9,283.4,-79,2.3,-95.6,14.2,OKEI,386
2011,ноябрь,10164.8,5058.8,5106,2070.7,1547.4,211.6,311.8,,2006.3,1344.2,41.3,620.8,1029,8795.3,608.9,1101.6,991,1248,210.5,13.6,431.2,62,369.6,2840,35.3,54.3,237.4,591.9,1369.4,-3689.3,-1369.4,-1289.5,1471.8,1070.6,1369.7,-299.1,-90.8,-114.7,24,120.8,99,-2761.3,272.2,-80,2.5,-98,15.5,OKEI,386
2011,декабрь,11367.7,5641.8,5725.9,2327.6,1753.2,231.8,342.6,,2236.7,1497.2,46.6,692.9,1161.6,10925.6,777.8,1516,1259.8,1790.2,279.8,17.6,553.4,83.8,499.6,3128.5,44.2,61.1,262.7,651.3,442,-5199.7,-442,-336.9,1302.8,1079.7,1378.8,-299.1,-75,-128.5,53.5,126.2,142.3,-1639.7,29.7,-105.2,3.4,-101.1,-7.5,OKEI,386
2012,январь,1059.6,530.2,529.3,214.5,169.1,36.1,9.4,,137.4,94.1,3.1,40.2,177.4,1032.4,39,120,90.7,48.4,0.1,2.2,66.1,8.1,121.8,424.5,2.9,6.4,31.2,71.1,27.2,-503,-27.2,24.1,156.2,-7.3,37.7,-45,0.4,0,0.4,2.6,-159.1,-132,319.5,-51.3,0.1,-1.4,-50,OKEI,386
2012,февраль,1866,1015.8,850.2,314.7,241,50,23.7,,314.3,212.3,7.2,94.8,221.2,2065.6,82.5,450.3,214.5,126.2,4,4.1,99.9,14.8,151,728.8,5.9,11.5,62.6,109.6,-199.7,-1215.4,199.7,251.6,96.4,74.4,134.6,-60.2,-1.4,-2,0.6,3.2,-303.8,155.2,324.1,-51.9,0.1,-2.2,-49.8,OKEI,386
2012,март,2966.3,1544.9,1421.5,601.7,464.8,70.5,66.4,,514.3,346.4,11.6,156.3,305.5,3036.5,159.6,562.5,343.4,246,11.6,6.4,206.5,20.5,187,986.7,10.4,15.7,111.5,168.8,-70.2,-1615,70.2,166.1,230.5,114,174.2,-60.2,1.8,-2.5,4.3,4.3,-259.3,-64.4,369.8,-96,0.4,-26.7,-69.7,OKEI,386
2012,апрель,4058.7,2104.8,1953.9,858.9,663.1,96.2,99.6,,703.1,471.4,15.7,216.1,391.8,4110,227,764.5,469.2,422.2,16.1,8.1,259.8,27.9,216.7,1320.8,14.8,27.7,119.1,216.4,-51.4,-2156.2,51.4,-52,291.8,149.4,209.7,-60.2,-20,-29.7,9.7,5.3,-258.8,-343.8,415.9,103.4,202.8,-29,-70.4,OKEI,386
2012,май,5083.3,2688.1,2395.2,1033.9,761.2,122.1,150.5,,914.1,613.9,20.1,280.1,447.3,4951.2,281.2,884.6,593.4,517.4,24.7,8.6,282.3,34.8,267,1631.8,15.6,29.7,128.6,251.4,132.1,-2555.9,-132.1,-233.5,628.9,189.4,249.7,-60.2,-17.6,-32.3,14.8,5.7,39.7,-862.5,411.8,101.4,203.2,-31.5,-70.3,OKEI,386
2012,июнь,6200.4,3226.1,2974.3,1308.2,978.4,152,177.8,,1128.1,756.7,24.4,347,538,5929.7,356.7,967.3,729.9,684.8,34.3,9.7,355.1,39.9,302.4,1934.8,19.1,37.6,155.5,302.6,270.7,-2955.4,-270.7,-373.6,745.6,245.2,305.5,-60.2,-2.5,-41.5,38.9,6.1,109.4,-1119.2,387.4,102.9,203.6,-34.7,-66,OKEI,386
2012,июль,7245.9,3734.5,3511.5,1539.9,1134,197.9,208,,1358.6,911.7,28.9,418.1,613,6960.8,429.6,1102.2,860.1,844.7,43.1,13.5,397.5,48.2,333,2281.2,25.8,46.5,184.6,350.9,285.1,-3449.4,-285.1,-393,599.4,172.5,426.6,-254.1,6.2,-48.9,55.1,6.5,-19.3,-992.3,433.5,107.9,203.9,-35.3,-60.7,OKEI,386
2012,август,8352.1,4225,4127.1,1711.8,1221.7,218.7,271.4,,1596.3,1071.5,33.6,491.2,819,7819.7,484.6,1177.9,991,974.8,53.8,14.1,410.6,50.9,356.1,2620.6,28,47.4,221.6,388.4,532.3,-3692.6,-532.3,-639.5,706.7,255.6,524.9,-269.3,2.4,-56.8,59.2,6.6,37.3,-1346.2,404.9,107.2,204.2,-38.4,-58.6,OKEI,386
2012,сентябрь,9385.4,4739.7,4645.7,1970.8,1438.2,246.2,286.4,,1790.8,1206.1,37.6,547.1,884.1,8714.2,531.7,1216.7,1128,1125.9,69.2,15.9,475.7,54.9,378.5,2923.5,30.3,57.7,274.3,432,671.2,-4068.5,-671.2,-748.2,627.8,277.7,591.1,-313.4,-1.8,-78,76.2,6.7,-88.5,-1375.9,433.6,77,204.9,-63.5,-64.3,OKEI,386
2012,октябрь,10453.2,5276.2,5177,2202.7,1602.9,277.3,322.5,,2014.9,1360.5,42.2,612.2,959.5,9729.4,617.6,1342.1,1272.3,1270.8,87.7,18.6,515.1,65.8,444.2,3228.2,35.7,63.4,293.5,474.3,723.9,-4552.3,-723.9,-799.3,839.5,378.9,737.3,-358.3,-3.9,-88.2,84.3,18,-10.8,-1638.9,457.4,75.5,204.9,-65.1,-64.4,OKEI,386
2012,ноябрь,11404.8,5842.5,5562.4,2303.8,1653.1,308.1,342.6,,2227.4,1507.4,47.1,672.9,1031.2,10611.1,674.7,1455.2,1462.3,1349.9,103.7,19.4,540.8,71.8,484.1,3538.1,37.8,65,299.1,509.4,793.7,-5048.8,-793.7,-852.9,905,424.8,825.2,-400.4,13.3,-88.4,101.7,41.1,-72.5,-1757.9,498.2,59.2,205,-66.3,-79.5,OKEI,386
2012,декабрь,12855.5,6453.2,6402.4,2603.8,1886.1,341.9,375.8,,2445.8,1659.7,53.4,732.8,1352.7,12895,809.9,1812.4,1843,1968.5,228.8,22.5,603.8,89.9,613.8,3859.7,45.7,77.5,320,599.4,-39.4,-6492.6,39.4,21.4,420.7,511.4,911.9,-400.4,-2.3,-129.8,127.4,43.9,-122.6,-399.3,-9.7,18.1,206.3,-69.1,-119.2,OKEI,386
2013,январь,1093.1,465.9,627.2,244.5,172.3,57.1,15.2,,142.3,99,3,40.3,240.4,1108.7,65.3,228.4,102.2,77.3,1,0.5,79.9,7.6,17.6,410.6,1,14.1,28.7,74.6,-15.6,-481.5,15.6,14.2,265.3,-78.1,71.9,-150,6.8,0,6.8,16.3,-22.9,-251.1,343.3,1.4,0.5,-1.2,2.1,OKEI,386
2013,февраль,1981.3,976.7,1004.6,357.1,250.1,75.2,31.9,,325.1,223.3,7,94.8,322.3,2150.3,106.2,515.1,230.8,160.8,3.6,4.6,97.7,10.6,96.6,716.3,6.5,15,66.8,119.8,-169,-1145.7,169,167.3,256,-131.9,147.8,-279.7,15.4,0,15.4,16.6,-14.3,-88.7,370.2,1.7,5.6,-1.6,-2.2,OKEI,386
2013,март,3105.6,1503.7,1601.9,669.7,495.1,100.8,73.7,,522.2,357.4,11.9,152.9,410.1,3167.8,161.2,689.3,383.5,334.7,8.9,5,178.8,11.6,142.2,936.7,11.9,15.5,120.5,168.1,-62.2,-1565.9,62.2,85.9,255.1,-179.4,188.9,-368.3,12.8,-6.8,19.6,17,15.6,-169.2,389,-23.7,0.6,-26.3,2,OKEI,386
2013,апрель,4224.4,2087.6,2136.8,885.1,636.7,136.1,112.2,,737.3,502.7,17.4,217.2,514.4,4230.8,238.6,863.6,538.6,461.1,11.2,9.1,268.4,21.8,191.4,1226.9,15.8,30.6,140.6,213.3,-6.4,-2094,6.4,30.9,495.3,-55.1,313.2,-368.3,9.3,-11.8,21.2,17.2,98.5,-464.4,425.4,-24.5,0.8,-27.9,2.6,OKEI,386
2013,май,5115.5,2611.3,2504.2,1037.2,730.8,171.5,134.9,,929.1,635.4,22.4,271.3,538,4924.2,292.7,970.3,683,527.6,24.6,10.1,285.3,27.7,207.7,1443.8,16.8,30.9,142.8,260.8,191.3,-2420,-191.3,-152.4,517.1,-16.7,351.6,-368.3,1.4,-20.9,22.4,17.2,124,-669.5,391.1,-38.9,0.8,-29.7,-9.9,OKEI,386
2013,июнь,6257.7,3099.1,3158.5,1349.9,978.7,210.6,160.6,,1121.9,769,27.1,325.8,686.7,5889.8,350.6,1086.9,847.9,633.3,62.3,12.8,341.3,32.3,225,1750,29.4,37.9,175.9,304.3,367.9,-2731.2,-367.9,-330.6,668,-6.8,361.5,-368.3,-12.3,-39.7,27.3,17.4,321.8,-998.6,347.8,-37.2,1.2,-32.9,-5.6,OKEI,386
2013,июль,7330,3635.7,3694.3,1568.5,1114.9,251.8,201.9,,1344.4,921.7,32.2,390.5,781.3,7042.8,444.5,1205.8,1011,822.8,67.6,16.1,401.8,43.6,266.5,2120.9,33.9,49,201.3,358.1,287.2,-3348.5,-287.2,-245,811,15.8,432.5,-416.7,-16.9,-48.6,31.6,18.9,388.8,-1056,404.4,-42.2,1.4,-34.1,-9.5,OKEI,386
2013,август,8418.2,4180.6,4237.6,1702.9,1170.9,290.6,241.4,,1554.5,1066,37,451.5,980.2,7977.9,496.7,1321.6,1164.2,928.3,73.6,16.6,463.1,48,281.9,2445.9,37.5,50.7,246.8,402.9,440.2,-3740.3,-440.2,-392.3,857.2,53.3,470,-416.7,-23.7,-66.1,42.4,20.1,448.6,-1249.5,359,-47.9,1.7,-34.6,-15,OKEI,386
2013,сентябрь,9604.5,4774.2,4830.3,2000.1,1406.4,334.3,259.4,,1759.6,1210,42.2,507.3,1070.6,8951.6,555.4,1400.6,1319.1,1049.7,88.4,18.6,523.3,52.9,299.1,2781.1,42.7,51.9,300.3,468.4,652.9,-4121.3,-652.9,-803.9,838.6,110.5,527.2,-416.7,-26.9,-71.1,44.2,20.2,360.8,-1642.5,374,151,227.1,-59.9,-16.1,OKEI,386
2013,октябрь,10740.6,5359.6,5381,2232.2,1553.9,374.7,303.6,,1981,1366,48.6,566.4,1167.8,10081.4,647,1515.6,1484,1247.1,97.5,20.8,567.2,64.1,340.2,3139.3,48.1,66.8,321.5,522.1,659.2,-4700.4,-659.2,-823.9,999.6,200.4,663.7,-463.3,-33.1,-80.9,47.8,21.4,355.5,-1823.5,455.3,164.8,227.2,-61,-1.4,OKEI,386
2013,ноябрь,11758.7,5940.7,5818,2391.7,1650.8,415.9,325,,2187.7,1509.6,55.3,622.8,1238.6,11116.7,706.8,1660.7,1688.4,1379.5,109.9,21.3,597.5,69.6,365,3495.3,51,67.8,328.8,575.1,642,-5298.7,-642,-807.6,1235.3,287.5,750.8,-463.3,-26.9,-85.2,58.3,40.9,530.9,-2042.9,403,165.6,227.3,-62.7,0.9,OKEI,386
2013,декабрь,13019.9,6534,6485.9,2681.5,1868.2,461,352.2,,2418,1670.8,63.4,683.8,1386.4,13342.9,850.7,2103.6,2061.6,1849.3,177.5,24.3,672.3,94.8,502,3833.1,68,77.3,360.3,668.1,-323,-6857,323,270.2,831.8,358.4,821.7,-463.3,-40.3,-132.5,92.3,41.6,481.3,-561.6,-9.2,52.7,227.8,-65.2,-109.9,OKEI,386
2014,январь,1326.7,615,711.6,290.9,192,81.9,17,,147.9,104.9,4,39,272.8,761.2,67,68.1,116.8,57.7,0,2.4,60.8,4.3,19.5,252.4,4.6,3.9,23.5,80.3,565.5,-49.5,-565.5,-564.4,764,11,11,0,0.2,0,0.2,3.2,396.7,-1328.5,352.9,-1.1,0,-1.3,0.2,OKEI,386
2014,февраль,2368.6,1233.8,1134.8,451.5,317.3,98.9,35.3,,335.3,235.2,8.8,91.2,348,2261.5,158.7,696.5,267.5,208.5,29.9,2.9,91.1,10.6,90.3,477.6,5.6,12.8,76.7,132.8,107,-1126.8,-107,-106.1,969.7,35.6,35.6,0,12.8,0,12.8,22.8,543,-1075.8,355.4,-0.9,0,-1.8,0.8,OKEI,386
2014,март,3521.4,1826.7,1694.7,772.7,565.5,125.4,81.7,,539.1,376.9,14.8,147.4,383,3345.7,216.1,974.2,427.1,355.8,30.5,5,135.1,18.1,112.3,728.7,6,17.4,132.9,186.6,175.7,-1650.9,-175.7,-157.1,863.2,-3.4,135.5,-138.9,16.2,-1.5,17.7,24.2,492.1,-1020.3,334,-18.6,0.1,-29.8,11.1,OKEI,386
2014,апрель,4754.3,2516.7,2237.6,1067.1,771.3,160.2,135.5,,757.4,529.3,21.5,206.7,413.1,4626.2,300.1,1172.6,588.6,507.2,35.3,10.2,249.6,26.9,155.7,1107.1,10.1,30.3,155.5,276.8,128.1,-2388.6,-128.1,-105.8,991.7,3.7,142.6,-138.9,8,-11.8,19.8,25.5,525.3,-1097.5,429.2,-22.2,0.6,-31.2,8.3,OKEI,386
2014,май,5882.6,3148.7,2733.9,1261.3,901.8,200,159.5,,952.8,667.4,27.3,258.1,519.8,5406.4,343.3,1297.5,737.7,608,38.8,16.5,273,29.2,177.2,1341.5,12.8,30.8,165.1,335,476.2,-2672.5,-476.2,-452.5,748.1,25.7,164.5,-138.9,-2.2,-23.8,21.5,27.1,310.5,-1200.6,387.1,-23.7,0.6,-32.4,8.1,OKEI,386
2014,июнь,7120.9,3703.4,3417.5,1586.4,1163.2,242.1,181.2,,1140,799.5,32.8,307.8,691,6402.1,412.8,1415,898.1,789.1,42.5,18.1,320.2,41.4,204.3,1602.8,18.1,38.6,200.8,400.4,718.8,-2984.6,-718.8,-698.1,572.5,55.3,194.2,-138.9,-3.1,-26.4,23.3,27.1,134,-1270.6,359.2,-20.7,0.9,-34.9,13.4,OKEI,386
2014,июль,8255.7,4313.9,3941.8,1825.5,1302.3,283.4,239.8,,1352.9,950.2,38.3,364.4,763.3,7516.5,506,1551.6,1061.7,935.5,67.2,21.8,386,48.7,260.5,1927.1,24.3,46.5,225.9,453.7,739.1,-3574.7,-739.1,-706.8,932.4,88,226.8,-138.9,-3.2,-27.5,24.3,27.9,447,-1639.1,372.7,-32.4,1.2,-37.2,3.6,OKEI,386
2014,август,9439.6,4887.3,4552.3,2000.6,1393.9,328.4,278.2,,1542.8,1082.4,43.8,416.7,1008.9,8467.4,550.4,1678.4,1211.5,1073.9,73.4,29.2,426.4,52.1,313.4,2182.7,26,47,283.4,519.6,972.3,-3915.1,-972.3,-939.8,1035.3,43,226.8,-183.9,-3.1,-28.3,25.2,27.9,592.3,-1975.1,375.2,-32.4,1.3,-37.8,4,OKEI,386
2014,сентябрь,10698.3,5494.7,5203.6,2360.9,1663.8,376.4,320.7,,1750.5,1230.8,50.3,469.5,1092.1,9529,608.3,1822.2,1372.2,1251.2,81,30.8,479.8,63.4,358.4,2441.4,31.3,53.6,341.9,593.5,1169.3,-4325.4,-1169.3,-1056.5,1173.2,51.7,235.5,-183.9,-8.3,-39.9,31.6,28.2,890.1,-2229.8,211.6,-112.8,1.6,-66.9,-47.5,OKEI,386
2014,октябрь,11891.6,6113.1,5778.5,2591.1,1816.3,423.2,351.6,,1977.8,1394.2,57.2,526.4,1209.6,10713.9,707.2,1942.1,1542.4,1431.7,84.6,33.8,537,71.9,411.7,2823.9,36.2,64.3,368.7,658.4,1177.7,-4935.5,-1177.7,-1061.2,1769.1,59.2,247.9,-188.7,-74.5,-113.3,38.8,29.2,1518.5,-2830.3,236.6,-116.5,2.2,-69.4,-49.2,OKEI,386
2014,ноябрь,12951.4,6718.8,6232.6,2756.7,1914.2,469.8,372.7,,2184.5,1542.6,63.5,578.4,1291.5,11639.2,767.2,2096.2,1734.4,1527.2,89.3,40.3,566.4,79,437.3,3097.7,42.4,65.1,378.3,718.5,1312.2,-5406.6,-1312.2,-1180.9,2607.1,-19.7,248.9,-268.7,-102,-150.1,48,29.5,2441,-3788,258.4,-131.3,2.2,-71.1,-62.4,OKEI,386
2014,декабрь,14496.9,7433.8,7063.1,3113.6,2181.4,520.8,411.3,,2474.3,1750.2,71.6,652.5,1475.2,14831.6,935.7,2479.1,2086.2,3062.9,119.6,46.4,638.3,97.8,535.5,3452.4,71.2,74.8,415.6,816.1,-334.7,-7768.5,334.7,481.4,4076.3,1025.3,1348.9,-323.7,-165,-247.8,82.8,29.7,3487,-3594.9,-300.8,-146.7,2.6,-74.8,-74.4,OKEI,386
2015,январь,1324.2,520.8,803.4,312.9,215.9,81.8,15.3,,145.1,106.5,3.1,35.6,345.4,1540,73.6,673.4,109.7,132,0,2.2,71.4,4.9,13.6,324.3,3.2,6.4,31.4,93.9,-215.9,-736.6,215.9,245,2763.6,3.4,3.4,0,0.9,0,0.9,0.2,1665.1,-2518.6,1093.9,-29.1,0.1,-0.3,-28.9,OKEI,386
2015,февраль,2278.9,1046.3,1232.6,492.2,351.3,110.5,30.5,,340.9,249.1,6.5,85.2,399.4,2958.7,132.5,1261,251.7,269.2,0.5,11.4,102,14.3,49.2,615.9,8,14.7,89.4,138.9,-679.8,-1726.1,679.8,706.7,1404.9,30.7,50.7,-20,-2.9,-4,1.1,0.3,494,-698.2,882.9,-26.9,0.1,-1,-26,OKEI,386
2015,март,3438.1,1545.6,1892.5,914.9,679.9,142.5,92.5,,552.2,401.9,10.6,139.8,425.4,4130,198.1,1453.2,410.8,399.4,44.7,13.5,130.5,18.8,106.7,978,12.8,15.5,162.3,185.7,-691.9,-2237.5,691.9,745.7,562.1,-100.2,92.3,-192.5,-13.6,-22,8.3,0.3,-48.4,183.7,724,-53.8,0.5,-45.9,-8.4,OKEI,386
2015,апрель,4550.1,2018.5,2531.6,1309.6,930.4,176.6,202.6,,732.2,534.4,14.5,183.3,489.8,5456.8,308.3,1651.5,578.5,565.2,46,23.9,244.2,30,166.6,1355.1,24.8,30.3,195.5,237,-906.7,-2925.2,906.7,1073.5,-206.7,-1.5,191,-192.5,-54,-70.8,16.7,0.9,-909.7,1280.2,757.6,-166.8,1,-151.2,-16.7,OKEI,386
2015,май,5360.8,2471.4,2889.4,1468.3,1019.6,211.8,236.9,,882.8,645.6,18.1,219.2,538.2,6304.5,368.5,1780,722.6,658.4,47.8,25.9,275.2,32.6,185.7,1653.5,28,32.2,210.5,283.5,-943.7,-3415.1,943.7,1114.5,-61.2,76.4,268.9,-192.5,-59.1,-82.3,23.1,1,-750.8,1175.7,671.3,-170.8,1.5,-153,-19.2,OKEI,386
2015,июнь,6620.9,2976,3644.9,1819.3,1303.6,247.7,267.9,,1070.2,784.6,21.7,263.9,755.4,7418.5,451.6,1912.7,883.6,830.1,53.5,30.8,342.9,38.6,206.4,2001.4,29.7,38.8,263.3,335.1,-797.7,-3773.7,797.7,974.9,150.2,-54.7,355,-409.7,-66.9,-108.8,41.9,1.4,-337.7,824.7,608.2,-177.2,1.9,-156.7,-22.5,OKEI,386
2015,июль,7796,3505.1,4290.9,2141,1537.6,288.8,314.6,,1275.3,936,25.8,313.5,874.6,8838.7,562.3,2043.4,1043.8,1167.4,58.6,36.9,385.4,49.5,279.4,2435.1,43.7,48.9,289.9,394.4,-1042.6,-4547.7,1042.6,1256.1,742.2,44.6,590.9,-546.3,-71,-132.9,61.9,2.6,95.7,513.8,670.4,-213.4,2.3,-157.6,-58.1,OKEI,386
2015,август,8959.9,4033.2,4926.8,2309.8,1621.9,333.7,354.2,,1487.6,1092.3,30.4,364.9,1129.3,9867,621.2,2200.1,1190.9,1331,65.2,37.5,404,52.5,303.7,2751.9,45,50.6,370.6,443,-907.1,-4940.3,907.1,1120.1,1704.2,19.2,605.3,-586,-51.4,-140.2,88.8,3.8,1202.6,-584.2,530,-213,2.3,-158.5,-56.9,OKEI,386
2015,сентябрь,10145.4,4511.6,5633.8,2687.1,1900.1,383,403.9,,1720.1,1267.9,35.6,416.7,1226.6,10794.3,692.1,2309,1342.8,1453.1,69.2,40.2,433.1,58.6,331,3067.7,51.8,67.9,389.6,488.1,-648.9,-5160.5,648.9,915.4,1443.9,-152.7,663.3,-815.9,-94.6,-199.6,105,4.8,1147.7,-528.4,538.6,-266.5,2.4,-228.6,-40.3,OKEI,386
2015,октябрь,11337.3,4971.1,6366.2,3014.9,2138.7,432.3,443.8,,1936.1,1432.7,41.1,462.4,1415.1,11983.6,800.3,2426.4,1495.7,1588.6,85,43.2,521.9,70.6,393.6,3464.5,56.3,72.7,431.8,532.9,-646.4,-5617.4,646.4,918.4,1228.8,-78.6,737.4,-815.9,-145.6,-276.2,130.6,5.2,813.8,-310.3,634,-272.1,2.6,-229.9,-44.8,OKEI,386
2015,ноябрь,12176.1,5411,6765.1,3089.8,2150.5,476.5,462.8,,2143.9,1588.9,46.5,508.6,1531.4,13021,865.1,2607.6,1657.1,1730.5,98.9,45,557.8,77.5,430.5,3776.2,57.4,77.9,459.6,579.8,-844.8,-6255.9,844.8,1126.6,1224.4,-34.4,786.3,-820.8,-155.6,-292,136.5,6.1,918.2,-97.9,490.1,-281.7,3.3,-232.6,-52.4,OKEI,386
2015,декабрь,13659.2,5862.7,7796.6,3467.6,2448.3,527.9,491.4,,2404.4,1785.2,54,565.2,1924.6,15620.3,1117.6,3181.4,1965.6,2324.2,144.1,49.7,610.6,89.9,516,4265.3,73,82.1,518.7,682,-1961,-7823.7,1961,2257,1242.4,15.3,836,-820.8,-161.3,-341.5,180.2,6.3,1775.6,1014.6,-393.4,-296,4.9,-238,-62.9,OKEI,386
2016,январь,1094,371.1,723,447.1,300.7,127.4,19.1,,146.5,114.5,2.4,29.6,129.3,693.6,33.5,12.6,100.7,17.4,0.6,0.1,37,1.5,29.2,341.8,0.2,0,26.8,92.3,400.4,29.4,-400.4,-396.5,660.6,-36.7,60.3,-97,1.1,0,1.1,1.3,212,-1057.1,482.8,-3.9,0.1,-0.6,-3.5,OKEI,386
2016,февраль,1841.9,687.7,1154.2,581.4,394.2,149.4,37.7,,345,263,5.3,76.7,227.8,1940.7,114.9,336.3,231.2,75.9,1.8,11.6,90.7,8.6,59.7,744.6,4.6,3.1,120.2,137.6,-98.8,-786.5,98.8,105,843.8,-13.7,133.3,-147,-57.4,-62.1,4.6,1.6,232.3,-738.8,681.1,-6.2,0.2,-1.7,-4.7,OKEI,386
2016,март,2910.7,992.2,1918.5,1010.9,731.6,177.3,102,,578.4,441.9,10,126.5,329.2,3549.3,191.5,886.6,383.2,252,3.8,17.4,123.7,12.2,98.1,1183.7,6.1,13,195.1,183,-638.7,-1630.8,638.7,689,240.5,89.4,239,-149.6,-121.9,-144.9,22.9,2.1,-475.1,448.6,745.9,-50.4,0.4,-46.3,-4.5,OKEI,386
2016,апрель,3910.1,1318.5,2591.6,1375.8,986.4,217.8,171.6,,781.4,591.2,15.5,174.7,434.4,5045.8,300.9,1160.3,534.6,447.3,23.9,26.2,232,22.8,141.5,1661.9,9.5,18.4,237.2,229.2,-1135.7,-2454.2,1135.7,1185.7,33.9,185.5,335.1,-149.6,-116.6,-162.1,45.4,3.5,-786.7,1151.9,748.3,-50,0.9,-47.4,-3.5,OKEI,386
2016,май,4645.7,1682.9,2962.8,1488,1027.8,254.8,205.4,,976.4,738.1,19.8,218.5,498.4,6039.3,384.7,1296.5,678.8,564.2,27.3,32.1,260.3,29.1,170.8,2019.2,10.8,23.4,267.5,274.7,-1393.6,-3076.5,1393.6,1333.5,265,146.9,400.9,-254,-127.6,-186.7,59.1,6.2,-673.5,1068.5,913,60.1,115.1,-50.8,-4.2,OKEI,386
2016,июнь,5868.7,2108.2,3760.5,1882.5,1341.1,301.1,240.4,,1183.7,893,25.5,265.3,694.3,7297.9,478.2,1471.4,834.5,787.5,31.5,43.3,321,34.6,209.9,2398.8,17.1,31.2,314,324.8,-1429.2,-3537.4,1429.2,1337,131.3,244.5,498.4,-254,-142.7,-206.6,63.9,6.2,-911,1205.7,934.3,92.2,116.2,-55.7,31.7,OKEI,386
2016,июль,6970.3,2553.6,4416.8,2217.4,1574.3,349.6,293.5,,1387.5,1043.8,30.1,313.6,811.8,8412.3,576.9,1646.5,973.5,930.1,36.3,46.6,357.2,47.1,265.3,2771,20.1,36.5,334.1,371,-1442,-3995.5,1442,1345.4,581.5,312,595.2,-283.2,-149.9,-222.4,72.4,66.7,-647.2,763.9,999.8,96.5,116.2,-56.5,36.8,OKEI,386
2016,август,8144,2993.7,5150.3,2448.2,1702,405,341.2,,1614.6,1214.6,34.8,365.2,1087.6,9588.5,658,1793.1,1113.3,1122.7,40.1,47.8,381.2,51.5,311.7,3127.5,24.8,42.3,451.4,423.2,-1444.6,-4438.2,1444.6,1354.3,152.1,226,685.9,-459.9,-196.9,-274.9,77.9,67.2,-844.8,1202.1,900.7,90.3,116.5,-57.2,31,OKEI,386
2016,сентябрь,9295.4,3419.4,5876,2852.6,2002.7,460.9,388.9,,1837.3,1382,40.1,415.1,1186.2,10804.9,745.4,1952.6,1269,1396.9,44.7,51.2,411.9,56.1,353.6,3465.1,29.6,50.2,497.8,480.7,-1509.5,-4928.9,1509.5,1380.5,-91.6,266,788.9,-522.9,-190.1,-282.7,92.7,67.5,-993.9,1472.1,758.8,129,196.9,-98.5,30.6,OKEI,386
2016,октябрь,10441.6,3853.6,6588,3267.6,2323.3,516.3,428,,2053.5,1545.9,45.9,461.7,1266.9,11956.6,829.4,2152.5,1409.4,1545.8,50.9,53.8,500.6,65.2,401.2,3777.9,35.7,56.3,544,533.8,-1515,-5368.6,1515,1410.6,177,305.4,828.3,-522.9,-187.7,-298.1,110.5,397.7,-1116,1233.6,777.6,104.3,197.2,-99.5,6.6,OKEI,386
2016,ноябрь,11436.8,4350,7086.8,3395.6,2366.1,572.9,456.7,,2285.3,1719.4,53.5,512.4,1405.9,13170.4,920.4,2348.8,1572.5,1748.1,56.6,54.1,529.9,72.5,446.7,4154.8,44.3,64.5,575.3,581.9,-1733.6,-6083.6,1733.6,1635.7,458,388.5,916.2,-527.7,-185.1,-304.6,119.5,398.6,-995.1,1177.6,851,97.9,197.9,-101.8,1.8,OKEI,386
2016,декабрь,13460,4844,8616,3780.6,2657.4,632.2,491,,2539.6,1913.6,62.1,563.9,2295.8,16416.4,1095.6,3775.3,1898.7,2302.1,72.2,63.1,597.8,87.3,506.3,4588.5,59.6,76.6,621.3,672,-2956.4,-7800.4,2956.4,2913.6,-683.7,492.4,1054.9,-562.5,-177.9,-355,177.1,406.8,-1345,3597.3,-60,42.8,199.1,-106.1,-50.2,OKEI,386
2017,январь,1266,485.1,780.9,557,330.3,200,26.7,,148.2,113.3,4,30.9,75.7,1230.5,53.2,28.9,101.2,14.6,0.6,12.7,69.8,1.1,11.7,821.3,3.2,0.1,51.1,61,35.5,-449.6,-35.5,-36,1393.1,119.3,119.3,0,3,0,3,0.5,3.8,-1429.1,1266.5,0.5,0,-0.3,0.8,OKEI,386
2017,февраль,2290.9,1014.9,1276,755,470,232.8,52.2,,326.4,248,8.4,70,194.5,2371.8,124.5,367.1,224,82.9,1.7,26.6,92.2,11.2,28.9,1153.2,4,2.3,131.7,121.5,-81,-1095.9,81,83.2,1084,210.7,240.2,-29.5,0.7,-4.7,5.4,0.9,-184.7,-1000.8,1056.4,-2.3,0,-1,-1.4,OKEI,386
2017,март,3630.8,1517.9,2112.9,1275.5,854.8,273,147.8,,555.2,421.3,14.2,119.7,282.2,3906.7,206.6,787.6,379.3,341.6,16.8,34.8,136,15.4,61.4,1524.6,6.7,11.4,192.6,192.1,-275.9,-1793.8,275.9,315.7,1211.1,357.7,392.2,-34.6,-11.8,-26.8,15,3.6,-271.8,-895.5,1133.4,-41.5,0.1,-37.8,-3.7,OKEI,386
2017,апрель,4757.7,1974.2,2783.5,1673.2,1147.8,323.4,202,,751,568.7,19.4,163,359.4,5277.9,339.4,1008,523.7,512.1,24.4,39,244.2,24.5,91.8,1944.5,15.3,17.8,242.6,250.6,-520.2,-2494.4,520.2,593.9,1461.9,368.8,552.4,-183.6,-15.2,-52.2,37,4.4,-189.7,-868,1293.6,-160.3,0,-150.3,-10,OKEI,386
2017,май,5823.7,2440,3383.7,1909.5,1221.6,383,304.9,,971.8,733.9,25.9,211.9,502.4,6392.5,402.5,1226.8,659.9,638.7,55.7,45.7,274,28.7,123.5,2300.6,21.9,24.3,279,311.1,-568.8,-3008.8,568.8,642.5,1609.6,348.7,532.3,-183.6,-38.1,-78,39.8,4.6,-184.8,-967.1,2446.3,-165.7,0,-154.2,-11.4,OKEI,386
2017,июнь,7122,2888.6,4233.5,2366.2,1570.5,436.3,359.4,,1205.1,910.8,31.9,262.3,662.2,7529.9,459.5,1355.2,808,863.7,61.9,55.9,318.2,37.3,174.2,2633.7,28.7,31.7,327.7,374.3,-407.8,-3296.4,407.8,398,1941.6,521.3,853.6,-332.2,31.1,-113.6,144.7,4.8,61.5,-1543.5,1322.8,9.8,181.7,-156.5,-15.4,OKEI,386
2017,июль,8369.3,3304.6,5064.7,2781.4,1827.2,506.8,447.3,,1442.4,1089.2,38.5,314.7,840.9,8793,599.4,1547.3,963.2,1043.3,71.1,61.1,371.6,47.8,212.1,3014.4,41.8,39,345.6,435.1,-423.7,-3728.3,423.7,405.5,1850.8,655.8,988,-332.2,8.5,-146.1,154.6,11.3,140.4,-1445.3,1034.8,18.2,182,-156.8,-7,OKEI,386
2017,август,9598.4,3753.9,5844.4,3040.1,1953.3,574.5,512.2,,1703.3,1286.8,46.7,369.8,1101.1,10002.2,673.3,1716.1,1097.3,1235,73.5,63,395.2,52.3,245.4,3408,47.9,44.7,456.2,494.5,-403.9,-4157.8,403.9,185.8,1989.5,948.9,1326.6,-377.7,-7.5,-181.8,174.2,11.3,52.2,-1803.7,984.6,10.8,182.4,-165,-6.6,OKEI,386
2017,сентябрь,10964,4246.2,6717.8,3578.7,2322.5,675.3,580.8,,1941,1466.2,53.9,421,1198.1,11191.2,748.9,1798.5,1264.6,1440.4,80,74.3,426.4,57.2,281.8,3809.5,52.4,52,542.1,563,-227.2,-4473.4,227.2,260.8,1985.8,944.7,1380.5,-435.7,0.6,-188,188.6,11.3,52.5,-1725,976.7,-41,407.6,-382,-66.6,OKEI,386
2017,октябрь,12282.4,4764.9,7517.5,4017,2607.9,754.9,654.2,,2190.5,1655.8,62.4,472.3,1310,12543.7,877.5,2009,1422.3,1604.9,86.1,84.1,515,65.9,324.6,4229.1,65.8,62.1,575.5,621.8,-261.4,-5026.2,261.4,298.9,2359.7,1069.1,1447.8,-378.8,27.3,-218.6,245.8,11.3,3.7,-2060.8,1248.3,-112.2,180.4,-191.6,-100.9,OKEI,386
2017,ноябрь,13418.7,5334.8,8084,4229.5,2703.1,830.5,695.9,,2453.3,1855.9,71.2,526.1,1401.2,13917.7,977.7,2345.9,1595.4,1771.4,100.8,88.2,548.5,72.8,361.6,4604.1,78.6,70.1,615.8,686.8,-499,-5833.7,499,649,2547.8,1181.7,1560.4,-378.8,33.6,-236.7,270.3,11.4,85.5,-1898.8,1235.7,-134.5,180.4,-195.7,-119.2,OKEI,386
2017,декабрь,15088.9,5971.9,9117,4741.9,3069.9,909.6,762.4,,2728.6,2067.2,78.2,583.2,1646.5,16420.3,1162.4,2852.3,1918,2460.1,119.5,92.4,615,89.7,439.8,4992,96.1,83.2,709.2,790.7,-1331.4,-7303.3,1331.4,542.9,1176.5,1123.5,1756.4,-633,-20.4,-333.8,313.5,14.3,59.1,-633.6,0,-126.3,409.3,-388.5,-147.2,OKEI,386
2018,январь,1304.5,661.3,643.1,407.6,314.6,59.4,33.7,,185.1,144.3,4,36.8,50.5,1113.4,114.9,87.5,117.4,29.8,32.8,13.4,77.2,11.6,15.7,477.7,4,0.2,64.2,66.8,191.1,-470.2,-191.1,-180.2,669.1,-43.1,150.7,-193.8,0.5,,0.5,0.1,-28.1,-849.3,739.6,-9.1,,-0.3,-8.8,OKEI,386
2018,февраль,2534.7,1289.6,1245.2,681.9,507.7,102.6,71.6,,407.3,314.3,9.3,83.8,155.9,2307.6,183.8,423.1,253.3,126.4,33.8,18.9,126.5,15,47.7,802.6,5.8,3.4,133.6,133.7,227.2,-1062.4,-227.2,-211.5,588.4,111.2,334.6,-223.4,0.6,,0.6,3.1,-54,-799.9,527.4,-15,,-1,-14,OKEI,386
2018,март,4076.3,1859.7,2216.7,1321.7,954.7,158.7,208.3,,660.8,505.9,16.8,138.1,234.2,3730.8,253.4,797.7,402.8,356.5,34.7,27.5,172,22.2,82.2,1153.5,7.6,13.1,205.2,202.4,345.5,-1514.1,-344.4,-403.3,525,10.9,472.3,-461.4,1.3,1.3,3.2,37.2,-928.3,472.4,59,229.6,-175.5,4.9,4.9,OKEI,386
2018,апрель,5529,2490.3,3038.7,1772.8,1234.4,228.9,309.6,,911.3,695.3,24.2,191.8,354.6,5346.6,385.9,1106.9,555.3,486.7,52,38.6,310,33.1,142.9,1633,14.1,21.5,276.7,290,182.4,-2307.9,-182.4,-235.4,1045.6,74.7,536.1,-461.4,2.1,,2.1,3.4,359.7,-1281,605.6,54.1,229,-176.5,1.6,OKEI,386
2018,май,6914.9,3174.9,3740,2109.4,1392.6,320.9,395.9,,1185.5,904.9,32.9,247.7,445.1,6453.7,467.4,1289.4,704.1,638.8,66.9,51.7,332.8,37.6,184.3,1950.6,20.2,27.7,317.8,364.5,461.1,-2713.7,-461.1,-516.8,1113.7,157.4,619,-461.6,2.1,,2.1,3.7,295.7,-1630.6,654.8,57.9,229.2,-178.5,7.2,OKEI,386
2018,июнь,8626.7,3935,4691.7,2626.2,1752.6,415.9,457.7,,1450.4,1105.5,41.6,303.2,615.1,7751.3,544.6,1483.3,859.8,823.7,77.1,66.1,402.8,42.2,225.4,2338.6,24.6,35.6,383.5,444,875.4,-3059.6,-875.4,-516.8,934.9,228.6,690.3,-461.8,18.8,,18.8,3.8,309.5,-1858.4,374.2,46.3,229.5,-182,-1.2,OKEI,386
2018,июль,10496.2,4684.3,5811.9,3199.8,2078.9,548.9,572,,1727.2,1315.4,49.9,361.9,884.9,9114.6,662.6,1654.8,1010.6,1003.2,82,77.1,439,54,277.2,2766.8,34.5,44.9,489.4,518.6,1381.6,-3302.7,-1381.6,-516.8,1160.7,369.5,831.5,-461.9,19.9,,19.9,7.5,318.6,-2424.4,445.1,-119.6,229.6,-344.8,-4.4,OKEI,386
2018,август,12222.4,5501.8,6720.6,3497.4,2244.5,590.1,662.8,,2020.4,1539,56.8,424.5,1202.8,10261.1,726.5,1811.9,1163.9,1179.1,89,84.8,459.8,58,315.5,3118.5,37,51.8,567.8,597.7,1961.3,-3540.5,-1961.3,-1836.5,1403.9,371,891.8,-520.8,20,,20,7.6,754.3,-3240.4,251,-125.8,229.7,-345.6,-9.9,OKEI,386
2018,сентябрь,13 986.10,6 302.10,7 684.10,4 077.20,2 655.70,684.7,736.9,,2 290.00,1 745.30,65,479.7,1 316.80,11 370.20,814.6,1 929.50,1 304.30,1 369.30,97.4,86,485.8,63.6,358,3 452.50,39.1,58.9,621.3,689.8,2 615.90,-3 686.10,-2 615.90,-2 430.60,809,372.1,893,-520.9,24.5,,24.5,7.8,555,-3 239.60,-150.4,-117.7,229.8,-363.6,16.1,OKEI,386
2018,октябрь,15 802.30,7 222.10,8 580.30,4 571.40,2 976.40,742.2,852.7,,2 591.70,1 973.30,74.6,543.9,1 417.10,12 720.10,924.4,2 082.30,1 457.80,1 557.80,110.2,91.5,560.8,75.4,408,3 873.20,47.4,66.7,692.5,772.2,3 082.20,-4 139.80,-3 082.20,-2 892.30,1 029.40,423.3,945.4,-522,28.2,,28.2,8.3,492.3,-3 921.70,77.2,-129.8,230.1,-364.8,4.9,OKEI,386
2018,ноябрь,17 454.90,8 181.60,9 273.30,4 857.10,3 135.20,799.1,922.8,,2 886.90,2 196.50,84.6,605.8,1 529.30,14 012.20,1 013.80,2 313.60,1 638.70,1 747.30,120.1,93,622.6,81.2,458.3,4 216.70,49.8,73.8,734.8,848.6,3 442.70,-4 739.00,-3 442.70,-3 243.10,1 155.40,472.4,994.5,-522.2,61.6,,61.6,8.6,545.6,-4 451.90,67.3,-139.7,229,-354,-14.7,OKEI,386
2018,декабрь,19 454.40,9 017.80,10 436.60,5 430.90,3 574.60,860.7,995.5,,3 211.50,2 442.10,96.3,673,1 794.20,16 713.00,1 257.10,2 827.00,1 971.60,2 402.10,148.8,116,722.6,94.9,537.3,4 581.80,64,88.4,806,1 095.40,2 741.40,-6 276.40,-2 741.40,-2 530.90,1 471.20,507.5,1 036.60,-529,69.9,,69.9,12.8,839.2,-4 002.20,41.8,-135.5,305.3,-370.7,-70,OKEI,386
2019,январь,1486.34,680.76,805.58,485.81,378.9,57.63,49.32,,224.68,177.59,5.28,41.81,95.09,1119.64,71.26,70.04,113.8,22.84,27.8,3.13,110.24,11.41,13.71,554.19,4.2,0.42,47.48,69.13,366.7,-314.06,-366.7,-270.37,365.22,44.86,74.43,-29.57,0.14,,0.14,0.52,-332.17,-635.59,651.88,-96.31,0.18,-100.1,3.61,OKEI,386
2019,февраль,2 844.00,1 367.40,1 476.60,734.3,549.9,94.2,90.2,,494.7,386.9,11.5,96.4,247.6,2 465.30,159.5,388.6,255.1,131.3,39.2,46.4,142.2,16.2,51.7,975.4,5.6,5.1,111.4,137.5,378.7,-988.7,-378.7,-248.3,-57.3,56.2,234.7,-178.5,10.2,,10.2,0.9,-364.2,-191,239.7,-130.4,0.2,-101,-29.6,OKEI,386
2019,март,4 590.00,1 993.40,2 596.60,1 443.20,1 062.10,126.4,254.8,,785.3,611.1,18.8,155.4,368.1,3 924.10,244.9,802.5,404.2,289.1,41.2,62.4,165.4,19,160.4,1 344.30,6.9,12.8,158.8,212.2,665.9,-1 327.50,-665.9,-665.2,257.5,309.2,490.5,-181.3,9.1,,9.1,1,-575.5,-922.7,513.7,119.5,248.5,-123.8,-5.1,OKEI,386
2019,апрель,6 361.10,2 722.60,3 638.50,1 987.60,1 362.40,160.6,464.5,,1 098.00,852.2,25.9,219.9,553,5 676.20,401.4,1 120.10,565.8,454.9,92.7,79.4,330,33.6,225.6,1 766.70,14.5,20.1,228.4,343.1,683.4,-2 039.20,-683.4,-808.3,142.8,702.5,884,-181.5,9.2,,9.2,1.2,-606.2,-951.1,36.1,124.9,252.9,-125.1,-2.9,OKEI,386
2019,май,7 867.40,3 420.30,4 447.10,2 295.00,1 575.50,181,538.5,,1 395.60,1 082.40,33.3,280,756.5,6 584.20,444.7,1 168.70,701.9,610.5,104.7,96.2,357.6,37.6,262.1,2 106.40,16.5,25.7,290.8,360.7,1 283.30,-2 137.10,-1 283.30,-1 426.30,627.8,838.6,1 251.80,-413.2,9,,9,1.4,-555.4,-2 054.10,334.1,113.7,252.9,-126.6,-12.7,OKEI,386
2019,июнь,9 549.90,4 121.90,5 428.00,2 850.40,2 059.60,205,585.8,,1 675.10,1 299.20,40,335.9,902.4,7 854.10,532.1,1 354.30,867.1,828.7,118.3,107.2,400.5,41.6,312.6,2 447.70,19.5,34.2,356.5,434,1 695.70,-2 426.20,-1 695.70,-1 952.70,492.4,945.8,1 359.20,-413.4,12,,12,1.5,-727.6,-2 445.10,260.7,257,410,-130.2,-22.9,OKEI,386
2019,июль,11 471.30,4 782.90,6 688.40,3 446.50,2 442.60,275.9,728,,1 998.80,1 550.70,47.5,400.6,1 243.10,9 320.20,672.4,1 525.90,1 021.40,1 036.90,129.4,124.9,487.1,60.2,379.2,2 884.10,27,45.3,412.7,513.8,2 151.10,-2 631.80,-2 151.10,-2 450.00,518.6,1 070.20,1 483.70,-413.5,16.4,0,16.4,5.3,-798,-2 968.50,224.6,259.3,410.3,-130.4,-20.6,OKEI,386
2019,август,13 256.70,5 407.50,7 849.20,3 776.20,2 627.70,309,839.5,,2 314.90,1 797.50,54.6,462.8,1 758.00,10 582.40,755.9,1 750.80,1 174.70,1 221.60,143.4,134.1,515.5,66.8,432.9,3 239.30,31.8,53.5,471.4,590.8,2 674.30,-2 733.20,-2 674.30,-2 929.70,983.6,1 155.10,1 568.70,-413.6,17,,17,5.5,-406.2,-3 913.30,212.2,255.4,411.3,-131.3,-24.6,OKEI,386
2019,сентябрь,15 034.70,6 008.00,9 026.70,4 780.20,3 160.10,702,918.1,,2 613.40,2 031.90,62.2,519.3,1 633.10,12 048.20,873.6,2 086.60,1 340.80,1 430.70,153.8,145.4,556.8,72.4,482.4,3 600.30,38.7,63.1,532.2,671.5,2 986.60,-3 021.50,-2 986.60,-3 336.90,415.9,1 247.40,1 661.00,-413.7,17.9,,17.9,5.5,-772.1,-3 752.70,-82.9,350.7,411.4,-154,93.2,OKEI,386
2019,октябрь,16 671.20,6 676.70,9 994.40,5 281.80,3 473.90,776.4,1 031.40,,2 956.00,2 299.50,70.6,585.9,1 756.70,13 515.30,970.6,2 175.60,1 497.90,1 698.90,187.3,156.5,649.7,86.2,546.4,4 054.40,54.8,70,612.8,754.3,3 155.90,-3 520.80,-3 155.90,-3 542.20,887.1,1 334.40,1 856.50,-522.1,18.2,0,18.2,7.5,-705.4,-4 429.30,232.5,349.9,411.3,-155.2,93.9,OKEI,386
2019,ноябрь,18 025.60,7 265.40,10 760.20,5 564.90,3 618.90,855.5,1 090.50,,3 277.90,2 551.40,79.2,647.2,1 917.50,14 926.30,1 082.60,2 422.50,1 680.40,1 911.00,200.7,160,721.1,94.9,596.1,4 421.20,62.7,80.7,657.3,835.1,3 099.30,-4 166.10,-3 099.30,-3 480.90,1 110.80,1 401.30,1 956.30,-555.1,52.4,0,52.4,7.6,-711.3,-4 591.60,360.8,345.4,413.2,-156.7,88.8,OKEI,386
2019,декабрь,20 188.80,7 924.30,12 264.50,6 389.60,4 257.80,946.7,1 185.00,,3 644.50,2 837.40,90.3,716.9,2 230.40,18 214.50,1 363.50,2 997.40,2 083.20,2 827.10,282.2,197.6,826.5,122.4,713,4 882.80,81.4,103.5,730.8,1 003.10,1 974.30,-5 950.00,-1 974.30,-2 263.60,918.5,1 377.60,2 082.70,-705.2,55.9,0,55.9,11.5,-963.5,-3 182.10,437,289.3,414.5,-160.2,35,OKEI,386
2020,январь,1 556.50,615.9,940.6,504.6,366,93.6,45,,217.3,173.9,5.1,38.3,218.7,1 624.40,111.6,135.1,122.6,84,41.9,37.6,135.1,14.8,299.6,504.7,5,0.5,58.1,73.7,-67.8,-683.8,67.8,66.2,277.3,-69.3,206.4,-275.7,0,,0,0.6,100.6,-211.1,245.4,-2.2,,-0.3,-2,OKEI,386
2020,февраль,2 818.90,1 224.30,1 594.60,774.3,549.6,137.9,86.8,,466.3,367.1,11.2,88,354,2 982.20,198.2,517.2,272.7,188.5,48.5,68.6,162.6,22.3,341,908,7,6.3,93.4,147.9,-163.3,-1 387.60,163.3,179,1 218.90,226.1,501.9,-275.8,0,,0,1.1,738.6,-1 039.90,253.1,-15.7,0.1,-0.5,-15.3,OKEI,386
2020,март,4 731.30,1 787.90,2 943.40,1 642.00,1 116.20,198.1,327.6,,790.1,614.4,20.1,155.6,511.3,4 618.00,282.9,860.7,436.1,361.1,92.3,84.9,200.1,29,385.9,1 417.40,9.5,17.8,171.4,269,113.4,-1 674.60,-113.4,-68.2,2 433.40,226.8,502.8,-276,0,,0,3.3,2 452.60,-2 501.60,-249.3,-45.1,0.1,-27.9,-17.4,OKEI,386
2020,апрель,7 002.00,2 222.50,4 779.50,2 073.60,1 354.40,271.7,447.4,,1 065.60,836.9,27.8,200.8,1 640.30,6 755.30,462,1 081.30,608.8,574.1,118,105.8,383.5,45.2,489.7,2 145.40,16.4,25.7,254.5,444.9,246.7,-1 975.80,-246.7,53.1,121.5,538.4,842.9,-304.5,0,,0,3.3,1 865.30,-68.3,-2 285.60,-299.8,2.5,-288.6,-13.7,OKEI,386
2020,май,7 891.00,2 436.70,5 454.30,2 430.10,1 596.80,342.3,491,,1 314.10,1 036.80,34.4,243,1 710.10,8 164.70,528.1,1 328.20,759.2,774.1,139.3,120.3,410.1,49.6,574.5,2 502.60,19.2,32.1,301.6,626,-273.7,-2 710.40,273.7,579.7,294.3,713,1 229.40,-516.4,0,,0,3.3,1 571.30,285.4,-1 993.40,-306,2.5,-290,-18.5,OKEI,386
2020,июнь,9 091.90,2 661.00,6 430.80,3 028.30,2 078.60,412.9,536.8,,1 589.60,1 255.10,42.2,292.4,1 812.90,9 915.00,647.9,1 514.80,948.8,1 045.50,155.6,124,448.1,55.8,654.8,3 194.80,23.1,41.6,349.7,710.5,-823.1,-3 484.20,823.1,1 133.00,-302,1 096.10,1 612.60,-516.5,2,0,2,3.4,1 522.20,1 434.90,-2 925.70,-309.8,2.7,-293.9,-18.6,OKEI,386
2020,июль,10 399.70,3 002.10,7 397.60,3 571.10,2 412.10,502,656.9,,1 898.30,1 498.00,49.9,350.3,1 928.30,11 794.90,811.6,1 754.30,1 127.90,1 349.70,196.3,138.3,548.9,76.4,766.3,3 705.20,30.4,49,399.1,841.6,-1 395.20,-4 397.30,1 395.20,1 698.20,613.4,1 321.40,1 837.90,-516.6,2,0,2,7.6,2 156.50,1 084.80,-2 874.10,-303,2.7,-293.9,-11.9,OKEI,386
2020,август,11 688.30,3 407.00,8 281.40,3 895.10,2 589.70,579.4,725.9,,2 201.10,1 735.40,57.6,408.1,2 185.20,13 256.80,906.6,1 926.90,1 290.20,1 539.30,252.2,147.6,582.2,81.3,839,4 223.90,34.8,56.5,456.4,919.9,-1 568.50,-4 975.40,1 568.50,1 873.70,1 444.10,1 499.10,2 015.70,-516.7,3.3,0,3.3,7.6,2 378.30,429.6,-2 444.30,-305.2,2.7,-294.1,-13.9,OKEI,386
2020,сентябрь,13 216.70,3 854.00,9 362.70,4 494.30,3 001.10,673,820.1,,2 550.30,2 007.90,67.1,475.2,2 318.10,14 873.50,1 005.20,2 097.80,1 464.50,1 785.60,282.1,182.1,630.6,86.6,927.9,4 767.80,40.3,66.9,532.6,1 003.70,-1 656.80,-5 510.90,1 656.80,2 048.10,2 235.70,2 305.00,2 832.60,-527.5,3.3,0,3.3,7.6,2 881.40,-187.7,-2 961.60,-391.2,4.6,-388.5,-7.4,OKEI,386
2020,октябрь,15 145.40,4 328.50,10 816.90,5 122.40,3 447.10,749.4,925.9,,2 921.60,2 295.40,77.1,549.1,2 772.90,16 842.10,1 149.50,2 322.00,1 634.80,2 043.80,290.7,195.8,741.3,101.1,1 030.40,5 468.10,46.8,77.1,643.6,1 097.10,-1 696.70,-6 025.30,1 696.70,2 095.00,3 918.70,3 743.10,4 270.80,-527.7,4.1,0,4.1,7.6,2 840.00,-1 823.70,-2 676.10,-398.3,4.8,-389.7,-13.3,OKEI,386
2020,ноябрь,16 528.60,4 782.30,11 746.30,5 468.40,3 677.90,825.2,965.3,,3 299.90,2 588.30,88.7,623,2 978.00,18 931.50,1 254.60,2 574.50,1 845.40,2 586.80,383.4,212,832.7,114.6,1 152.80,5 872.60,53.6,84.1,691.9,1 272.30,-2 402.90,-7 185.20,2 402.90,2 726.70,4 504.00,4 497.80,5 058.40,-560.6,6.7,0,6.7,7.6,2 547.50,-1 777.40,-2 555.60,-231.7,185.5,-390.8,-26.4,OKEI,386
2020,декабрь,18 719.10,5 235.20,13 483.80,6 260.30,4 268.60,900.3,1 091.40,,3 748.80,2 933.50,102.1,713.2,3 474.80,22 821.60,1 507.70,3 168.80,2 226.60,3 483.90,371.5,260.6,956.9,144.5,1 334.40,6 990.30,75.3,121.1,784.2,1 395.90,-4 102.50,-9 337.70,4 102.50,4 403.20,4 529.80,4 600.60,5 176.40,-575.8,-217.2,-223.6,6.4,12.6,2 440.20,-126.6,-2 306.30,-300.8,188.2,-394.9,-94,OKEI,386
2021,январь,1 504.00,490.8,1 013.20,620.8,504.2,75,39.5,2.2,247,200.8,6.5,39.8,145.3,1 560.00,138.8,122.8,119,56,40.2,6.7,121.7,18.2,122.7,659.8,5.6,0.1,77.1,71.2,-56,-546.8,56,61.5,483.5,32.1,61.7,-29.6,0,0,0,0,237.6,-422,213.7,-5.5,0.1,0,-5.6,OKEI,386
2021,февраль,2 755.60,1 035.70,1 719.90,981.1,744,156.6,76.4,4.1,573.9,452.7,15.8,105.4,164.9,3 291.90,215.2,518.1,284.2,211.6,108.6,62.9,186.7,23.8,183,1 205.10,7.6,1,140,144.3,-536.3,-1 572.00,536.3,549.7,343.4,108.4,206.7,-98.3,2.6,0,2.6,0.1,39.6,206.3,192.8,-13.4,0.2,-0.2,-13.4,OKEI,386
2021,март,5 299.90,1 618.00,3 681.90,1 911.80,1 419.90,216.7,263.6,11.6,1 002.80,785,27.7,190.1,767.4,5 013.30,354.6,903.6,467.3,409.7,183.9,102,234.9,30.4,237.2,1 614.30,9.4,5.4,238.5,222.1,286.6,-1 331.40,-286.6,-238.9,538.7,624.4,739.4,-115,5.1,0,5.1,0.8,34.2,-777.6,-125.7,-47.8,3,-20.2,-30.6,OKEI,386
2021,апрель,7 486.80,2 511.40,4 975.40,2 613.10,1 834.60,308.6,449.7,20.1,1 429.60,1 115.50,38.6,275.5,932.7,7 156.90,528,1 149.80,654.4,642.4,215.4,147.5,430.9,49,435.3,2 158.10,17.5,16.4,351.9,360.4,329.9,-2 181.50,-329.9,-269,1 013.60,962.1,1 223.80,-261.7,5.5,0,5.5,1.9,13.6,-1 282.60,30.6,-60.9,3.2,-21.5,-42.7,OKEI,386
2021,май,9 320.30,3 129.00,6 191.30,3 058.10,2 098.10,402.3,531.8,25.9,1 807.60,1 412.30,49.8,345.5,1 325.60,8 878.20,604.2,1 339.80,808.7,1 249.10,244.7,181,468.8,53.5,493,2 604.00,20.1,25.6,410.6,374.9,442.1,-2 686.90,-442.1,-504.7,1 141.10,1 086.70,1 348.60,-261.9,5.5,0,5.5,2.1,-34.9,-1 645.70,81.6,62.6,137.5,-22.5,-52.5,OKEI,386
2021,июнь,11 265.80,3 776.00,7 489.80,3 808.10,2 651.00,487.4,636.7,33,2 212.70,1 730.40,61.2,421.2,1 469.00,10 491.10,719.1,1 522.50,994.1,1 507.50,255.2,215.9,535.5,60,573,3 046.50,22.8,42,506.1,490.9,774.7,-3 001.30,-774.7,-795.2,749.4,1 274.00,1 536.00,-262,10.6,0,10.6,2.2,-354.7,-1 544.70,-182.6,20.6,138.2,-25.9,-91.7,OKEI,386
2021,июль,13 651.10,4 770.00,8 881.10,4 561.80,3 121.60,571.1,827.6,41.6,2 623.50,2 051.20,73.1,499.2,1 695.80,12 615.90,914.2,1 686.30,1 176.40,1 818.30,290.8,245.9,632.2,77.8,746,3 733.40,36.2,52,587.2,619.1,1 035.30,-3 734.70,-1 035.30,-1 043.60,1 438.10,1 429.40,1 691.60,-262.2,12.2,0,12.2,2.4,-194.9,-2 481.70,189,8.4,138.2,-25.9,-103.9,OKEI,386
2021,август,15 697.80,5 465.90,10 231.90,5 006.60,3 351.50,664,942.6,48.5,3 008.80,2 365.00,83.9,559.9,2 216.50,14 620.70,1 041.00,1 824.10,1 346.40,2 102.40,316.7,277.3,676.1,88,899.5,4 571.80,40.7,61.2,675.3,700.3,1 077.00,-4 388.80,-1 077.00,-1 081.00,493.2,1 568.50,2 106.70,-538.3,-228.3,-240.7,12.4,3.6,-207.9,-1 574.20,-642.6,4,138.2,-26,-108.2,OKEI,386
2021,сентябрь,17 923.90,6 184.80,11 739.10,5 928.50,4 030.40,765.5,1 076.80,55.9,3 413.40,2 686.60,95.2,631.6,2 397.10,16 298.90,1 192.80,2 060.10,1 528.80,2 379.70,358.7,296.2,733.2,93.6,970.7,5 010.60,45.7,68.8,780.5,779.5,1 625.00,-4 559.80,-1 625.00,-1 609.10,1 009.80,1 748.90,2 287.90,-539,-251.2,-263.6,12.4,3.9,-447.1,-2 618.90,-44.8,-15.9,140.3,-45.2,-110.9,OKEI,386
2021,октябрь,20 431.70,7 292.70,13 139.10,6 677.00,4 516.80,850.4,1 243.60,66.2,3 791.70,2 985.10,105.5,701.2,2 670.30,18 134.70,1 318.90,2 300.80,1 708.60,2 638.50,384.8,338.3,852.9,108.5,1 072.80,5 513.70,53.8,81.9,901.8,859.5,2 297.10,-4 995.60,-2 297.10,-2 279.10,551.1,1 804.00,2 343.60,-539.6,-277.7,-296.2,18.4,4.8,-671.9,-2 830.20,-307.9,-18,140.5,-46.2,-112.2,OKEI,386
2021,ноябрь,22 440.0,8 177.4,14 262.7,7 146.6,4 763.7,934.6,1 374.1,74.2,4 242.4,3 340.3,119.3,782.8,2 873.7,19 940.9,1 431.6,2 652.5,1 906.5,2 944.2,412.8,346.0,948.5,122.2,1 199.7,5 899.6,60.7,91.8,975.9,948.8,2 499.1,-5 678.3,-2 499.1,-2 464.2,1 099.1,1 817.8,2 402.1,-584.3,-242.4,-304.9,62.5,4.8,-167.8,-3 563.4,-313.2,-34.9,141.2,-47.1,-128.9,OKEI,386
2021,декабрь,25 286.5,9 056.5,16 230.0,8 135.7,5 479.5,1 013.0,1 552.4,90.7,4 724.5,3 733.0,132.6,858.9,3 369.9,24 771.8,1 766.6,3 576.1,2 337.7,4 356.7,591.4,405.1,1 064.6,146.7,1 474.0,6 675.9,70.9,114.0,1 084.2,1 107.7,514.8,-8 541.7,-514.8,-475.3,1 286.2,1 538.1,2 519.4,-981.3,-265.9,-338.8,72.9,5.3,-232.1,-1 761.5,240.8,-39.4,215.9,-50.6,-204.7,OKEI,386
2022,январь,2 089.2,794.5,1 294.6,838.2,682.9,81.7,65.3,8.1,359.8,289.1,8.8,61.8,96.7,1 964.2,127.8,233.7,143.4,91.4,123.3,7.2,150.0,20.0,153.7,745.9,3.8,0.1,88.9,74.9,125.0,-669.5,-125.0,-129.7,1 280.5,-2.6,27.3,-30.0,-4.3,-4.3,0.0,1.6,484.2,-1 410.2,801.7,4.7,,,4.7,OKEI,386
